Risk_Score,Mutation_Status,Clinical_Significance,Actual,Predicted
1.3429371384157645,0,0,0,0
1.3429371384157645,0,0,0,0
0.0472301864861907,0,0,0,0
0.2926083561421411,1,0,0,0
0.0472301864861907,0,0,0,0
2.4007900415993766,1,1,1,1
2.633684628788726,1,1,2,2
2.409876062703008,1,1,1,1
3.1834463833002435,1,1,2,2
0.2894723661614872,1,0,0,0
2.1083034555779774,1,0,1,1
